1, 9, 0.1
1, 24, 0.0
1, 35, 0.1
1, 81, 0.0
1, 85, 0.0
1, 96, 0.0
1, 104, 0.0
1, 107, 0.0
1, 119, 0.0
1, 160, 0.0
1, 163, 0.0
1, 182, 0.0
1, 202, 0.0
1, 229, 0.0
1, 255, 0.0
2, 21, 0.1
2, 32, 0.0
2, 60, 0.0
2, 61, 0.0
2, 80, 0.0
2, 88, 0.0
2, 91, 0.0
2, 97, 0.0
2, 113, 0.0
2, 114, 0.0
2, 128, 0.0
2, 139, 0.0
2, 140, 0.0
2, 227, 0.0
2, 230, 0.0
2, 235, 0.0
2, 246, 0.0
3, 32, 0.0
3, 60, 0.0
3, 70, 0.0
3, 71, 0.0
3, 72, 0.0
3, 82, 0.0
3, 95, 0.0
3, 113, 0.0
3, 123, 0.0
3, 135, 0.0
3, 147, 0.0
3, 149, 0.0
3, 179, 0.0
3, 188, 0.0
3, 208, 0.0
3, 217, 0.0
3, 228, 0.0
3, 253, 0.0
3, 254, 0.0
4, 5, 0.0
4, 48, 0.0
4, 87, 0.0
4, 135, 0.0
4, 212, 0.0
4, 225, 0.0
4, 228, 0.0
4, 237, 0.0
4, 239, 0.0
4, 243, 0.0
4, 266, 0.0
5, 24, 0.0
5, 30, 0.0
5, 73, 0.0
5, 77, 0.0
5, 78, 0.0
5, 124, 0.0
5, 205, 0.0
5, 208, 0.0
5, 223, 0.0
5, 233, 0.0
5, 257, 0.0
6, 35, 0.0
6, 36, 0.1
6, 45, 0.0
6, 57, 0.0
6, 67, 0.0
6, 75, 0.0
6, 87, 0.0
6, 91, 0.0
6, 124, 0.0
6, 149, 0.0
6, 162, 0.0
6, 164, 0.0
6, 205, 0.0
6, 211, 0.0
6, 231, 0.0
6, 234, 0.0
6, 247, 0.0
6, 254, 0.0
6, 267, 0.0
7, 9, 0.1
7, 24, 0.0
7, 36, 0.0
7, 43, 0.0
7, 59, 0.0
7, 62, 0.0
7, 66, 0.0
7, 99, 0.0
7, 104, 0.0
7, 113, 0.0
7, 174, 0.0
7, 180, 0.0
7, 190, 0.0
7, 236, 0.0
7, 241, 0.0
7, 248, 0.0
7, 251, 0.0
7, 253, 0.0
8, 32, 0.95
8, 69, 0.0
8, 71, 0.0
8, 85, 0.0
8, 101, 0.0
8, 165, 0.0
8, 194, 0.0
8, 200, 0.0
8, 235, 0.0
8, 254, 0.0
8, 262, 0.0
9, 11, 0.0
9, 20, 0.0
9, 38, 0.0
9, 43, 0.0
9, 85, 0.0
9, 157, 0.0
9, 174, 0.0
9, 181, 0.0
9, 184, 0.0
9, 213, 0.0
9, 218, 0.0
9, 222, 0.0
10, 57, 0.0
10, 69, 0.0
10, 82, 0.0
10, 131, 0.0
10, 142, 0.0
10, 143, 0.0
10, 158, 0.0
10, 198, 0.0
10, 208, 0.0
10, 216, 0.0
10, 227, 0.0
10, 244, 0.0
10, 267, 0.0
11, 40, 0.0
11, 89, 0.0
11, 90, 0.0
11, 110, 0.0
11, 134, 0.0
11, 135, 0.0
11, 144, 0.0
11, 145, 0.0
11, 146, 0.0
11, 157, 0.0
11, 167, 0.0
11, 170, 0.0
11, 174, 0.0
11, 181, 0.0
11, 229, 0.0
11, 236, 0.0
11, 245, 0.0
12, 104, 0.0
12, 121, 0.0
12, 124, 0.0
12, 125, 0.0
12, 141, 0.0
12, 149, 0.0
12, 191, 0.0
12, 207, 0.0
12, 222, 0.0
12, 223, 0.0
12, 237, 0.0
12, 250, 0.0
12, 266, 0.0
13, 15, 0.0
13, 33, 0.0
13, 38, 0.0
13, 80, 0.0
13, 112, 0.0
13, 160, 0.0
13, 178, 0.0
13, 206, 0.0
13, 211, 0.0
13, 234, 0.0
13, 258, 0.0
14, 34, 0.9
14, 58, 0.0
14, 66, 0.0
14, 94, 0.0
14, 158, 0.0
14, 159, 0.0
14, 187, 0.0
14, 211, 0.0
14, 217, 0.0
14, 242, 0.0
14, 251, 0.0
14, 263, 0.0
15, 29, 0.0
15, 40, 0.0
15, 65, 0.0
15, 73, 0.0
15, 120, 0.0
15, 147, 0.0
15, 165, 0.0
15, 202, 0.0
15, 204, 0.0
15, 209, 0.0
15, 224, 0.0
16, 27, 0.0
16, 42, 0.0
16, 61, 0.0
16, 70, 0.0
16, 73, 0.0
16, 79, 0.0
16, 100, 0.0
16, 104, 0.0
16, 157, 0.0
16, 167, 0.0
16, 175, 0.0
16, 251, 0.0
16, 263, 0.0
17, 26, 0.0
17, 40, 0.0
17, 44, 0.0
17, 114, 0.0
17, 125, 0.0
17, 137, 0.0
17, 157, 0.0
17, 169, 0.0
17, 172, 0.0
17, 194, 0.0
17, 220, 0.0
17, 247, 0.0
18, 20, 0.0
18, 49, 0.0
18, 90, 0.0
18, 118, 0.0
18, 119, 0.0
18, 195, 0.0
18, 214, 0.0
18, 239, 0.0
19, 39, 0.0
19, 45, 0.0
19, 74, 0.0
19, 90, 0.0
19, 101, 0.0
19, 118, 0.0
19, 165, 0.0
19, 172, 0.0
19, 199, 0.0
19, 204, 0.0
19, 215, 0.0
19, 248, 0.0
20, 32, 0.1
20, 41, 0.0
20, 50, 0.0
20, 66, 0.0
20, 75, 0.0
20, 85, 0.0
20, 86, 0.0
20, 95, 0.0
20, 115, 0.0
20, 122, 0.0
20, 133, 0.0
20, 147, 0.0
20, 195, 0.0
20, 200, 0.0
20, 221, 0.0
20, 222, 0.0
20, 244, 0.0
20, 250, 0.0
21, 25, 0.0
21, 42, 0.0
21, 54, 0.0
21, 79, 0.0
21, 90, 0.0
21, 136, 0.0
21, 140, 0.0
21, 194, 0.0
21, 199, 0.0
21, 215, 0.0
21, 235, 0.0
21, 251, 0.0
21, 255, 0.0
21, 267, 0.0
22, 30, 0.1
22, 37, 0.0
22, 65, 0.0
22, 76, 0.0
22, 83, 0.0
22, 99, 0.0
22, 134, 0.0
22, 151, 0.0
22, 158, 0.0
22, 167, 0.0
22, 170, 0.0
22, 185, 0.0
22, 190, 0.0
22, 200, 0.0
22, 204, 0.0
22, 211, 0.0
22, 212, 0.0
22, 232, 0.0
22, 251, 0.0
23, 37, 0.0
23, 41, 0.0
23, 60, 0.0
23, 74, 0.0
23, 119, 0.0
23, 131, 0.0
23, 140, 0.0
23, 147, 0.0
23, 153, 0.0
23, 168, 0.0
23, 172, 0.0
23, 188, 0.0
23, 204, 0.0
23, 206, 0.0
23, 210, 0.0
23, 241, 0.0
24, 35, 0.1
24, 36, 0.0
24, 45, 0.0
24, 120, 0.0
24, 126, 0.0
24, 128, 0.0
24, 150, 0.0
24, 180, 0.0
24, 206, 0.0
24, 252, 0.0
24, 263, 0.0
25, 39, 0.0
25, 50, 0.0
25, 83, 0.0
25, 143, 0.0
25, 161, 0.0
25, 200, 0.0
25, 238, 0.0
25, 260, 0.0
25, 262, 0.0
26, 34, 0.0
26, 41, 0.0
26, 75, 0.0
26, 120, 0.0
26, 121, 0.0
26, 129, 0.0
26, 138, 0.0
26, 184, 0.0
26, 202, 0.0
26, 218, 0.0
26, 237, 0.0
26, 238, 0.0
26, 243, 0.0
27, 30, 0.0
27, 79, 0.0
27, 81, 0.0
27, 108, 0.0
27, 109, 0.0
27, 163, 0.0
27, 174, 0.0
27, 185, 0.0
27, 225, 0.0
27, 244, 0.0
28, 55, 0.0
28, 58, 0.0
28, 85, 0.0
28, 92, 0.0
28, 119, 0.0
28, 120, 0.0
28, 143, 0.0
28, 148, 0.0
28, 178, 0.0
28, 179, 0.0
28, 195, 0.0
28, 207, 0.0
28, 209, 0.0
28, 249, 0.0
28, 267, 0.0
29, 40, 0.0
29, 111, 0.0
29, 119, 0.0
29, 133, 0.0
29, 148, 0.0
29, 154, 0.0
29, 179, 0.0
29, 182, 0.0
29, 184, 0.0
29, 193, 0.0
29, 195, 0.0
29, 200, 0.0
29, 207, 0.0
29, 213, 0.0
29, 235, 0.0
30, 37, 0.0
30, 77, 0.0
30, 169, 0.0
30, 211, 0.0
30, 228, 0.0
30, 233, 0.0
30, 262, 0.0
31, 82, 0.0
31, 92, 0.0
31, 128, 0.0
31, 131, 0.0
31, 135, 0.0
31, 141, 0.0
31, 154, 0.0
31, 207, 0.0
31, 219, 0.0
31, 241, 0.0
31, 264, 0.0
32, 57, 0.0
32, 68, 0.0
32, 98, 0.0
32, 101, 0.0
32, 122, 0.0
32, 143, 0.0
32, 170, 0.0
32, 214, 0.0
32, 220, 0.0
32, 238, 0.0
32, 267, 0.0
33, 45, 0.0
33, 46, 0.0
33, 59, 0.0
33, 67, 0.0
33, 133, 0.0
33, 136, 0.0
33, 143, 0.0
33, 152, 0.0
33, 216, 0.0
33, 241, 0.0
33, 254, 0.0
33, 263, 0.0
34, 84, 0.0
34, 90, 0.0
34, 98, 0.0
34, 100, 0.0
34, 104, 0.0
34, 110, 0.0
34, 123, 0.0
34, 132, 0.0
34, 137, 0.0
34, 166, 0.0
34, 168, 0.0
34, 172, 0.0
34, 178, 0.0
34, 217, 0.0
34, 225, 0.0
34, 235, 0.0
34, 240, 0.0
35, 37, 0.0
35, 39, 0.0
35, 43, 0.0
35, 54, 0.0
35, 99, 0.0
35, 113, 0.0
35, 140, 0.0
35, 141, 0.0
35, 149, 0.0
35, 151, 0.0
35, 161, 0.0
35, 164, 0.0
35, 166, 0.0
35, 171, 0.0
35, 186, 0.0
35, 207, 0.0
35, 211, 0.0
35, 220, 0.0
35, 239, 0.0
35, 244, 0.0
36, 74, 0.0
36, 84, 0.0
36, 109, 0.0
36, 126, 0.0
36, 130, 0.0
36, 137, 0.0
36, 179, 0.0
36, 182, 0.0
36, 214, 0.0
36, 233, 0.0
36, 237, 0.0
36, 244, 0.0
36, 252, 0.0
37, 45, 0.0
37, 46, 0.0
37, 65, 0.0
37, 71, 0.0
37, 74, 0.0
37, 80, 0.0
37, 108, 0.0
37, 118, 0.0
37, 190, 0.0
37, 194, 0.0
37, 215, 0.0
37, 229, 0.0
37, 254, 0.0
38, 46, 0.0
38, 50, 0.0
38, 83, 0.0
38, 94, 0.0
38, 105, 0.0
38, 124, 0.0
38, 133, 0.0
38, 161, 0.0
38, 226, 0.0
38, 237, 0.0
38, 260, 0.0
39, 64, 0.0
39, 79, 0.0
39, 85, 0.0
39, 116, 0.0
39, 121, 0.0
39, 166, 0.0
39, 185, 0.0
39, 188, 0.0
39, 189, 0.0
39, 260, 0.0
40, 47, 0.1
40, 51, 0.3
40, 63, 0.1
40, 88, 0.0
40, 94, 0.0
40, 114, 0.0
40, 131, 0.0
40, 133, 0.0
40, 139, 0.0
40, 147, 0.0
40, 152, 0.0
40, 156, 0.0
40, 157, 0.0
40, 187, 0.0
40, 234, 0.0
40, 249, 0.0
40, 266, 0.0
41, 46, 0.1
41, 64, 0.0
41, 72, 0.0
41, 76, 0.0
41, 124, 0.0
41, 145, 0.0
41, 152, 0.0
41, 177, 0.0
41, 184, 0.0
41, 187, 0.0
41, 204, 0.0
41, 257, 0.0
42, 50, 0.1
42, 60, 0.1
42, 64, 0.0
42, 94, 0.0
42, 95, 0.0
42, 132, 0.0
42, 146, 0.0
42, 165, 0.0
42, 228, 0.0
42, 232, 0.0
42, 248, 0.0
42, 252, 0.0
43, 62, 0.1
43, 104, 0.0
43, 138, 0.0
43, 146, 0.0
43, 182, 0.0
43, 194, 0.0
43, 207, 0.0
43, 227, 0.0
43, 228, 0.0
44, 46, 0.0
44, 65, 0.0
44, 89, 0.0
44, 90, 0.0
44, 102, 0.0
44, 107, 0.0
44, 190, 0.0
44, 248, 0.0
44, 260, 0.0
45, 53, 0.1
45, 62, 0.0
45, 75, 0.0
45, 131, 0.0
45, 148, 0.0
45, 190, 0.0
45, 204, 0.0
45, 221, 0.0
45, 225, 0.0
45, 232, 0.0
45, 241, 0.0
45, 252, 0.0
46, 78, 0.0
46, 86, 0.0
46, 96, 0.0
46, 105, 0.0
46, 151, 0.0
46, 194, 0.0
46, 197, 0.0
46, 200, 0.0
46, 221, 0.0
46, 251, 0.0
47, 63, 0.2
47, 68, 0.0
47, 73, 0.0
47, 88, 0.0
47, 116, 0.0
47, 133, 0.0
47, 152, 0.0
47, 158, 0.0
47, 175, 0.0
47, 191, 0.0
47, 192, 0.0
47, 193, 0.0
47, 203, 0.0
47, 218, 0.0
47, 222, 0.0
47, 227, 0.0
47, 259, 0.0
48, 55, 0.0
48, 65, 0.0
48, 69, 0.0
48, 100, 0.0
48, 113, 0.0
48, 139, 0.0
48, 167, 0.0
48, 198, 0.0
48, 205, 0.0
48, 207, 0.0
48, 256, 0.0
48, 264, 0.0
49, 77, 0.0
49, 78, 0.0
49, 122, 0.0
49, 143, 0.0
49, 155, 0.0
49, 158, 0.0
49, 174, 0.0
49, 192, 0.0
49, 205, 0.0
49, 227, 0.0
49, 242, 0.0
50, 96, 0.0
50, 116, 0.0
50, 217, 0.0
50, 233, 0.0
50, 241, 0.0
50, 254, 0.0
51, 76, 0.0
51, 91, 0.0
51, 110, 0.0
51, 144, 0.0
51, 199, 0.0
51, 200, 0.0
51, 221, 0.0
51, 230, 0.0
51, 267, 0.0
52, 56, 0.2
52, 58, 0.1
52, 61, 0.0
52, 76, 0.0
52, 78, 0.0
52, 82, 0.0
52, 85, 0.0
52, 95, 0.0
52, 98, 0.0
52, 127, 0.0
52, 150, 0.0
52, 179, 0.0
52, 180, 0.0
52, 196, 0.0
52, 215, 0.0
52, 228, 0.0
52, 236, 0.0
52, 260, 0.0
52, 261, 0.0
53, 65, 0.0
53, 113, 0.0
53, 145, 0.0
53, 158, 0.0
53, 182, 0.0
53, 200, 0.0
53, 212, 0.0
53, 249, 0.0
54, 93, 0.0
54, 132, 0.0
54, 134, 0.0
54, 148, 0.0
54, 173, 0.0
54, 188, 0.0
54, 225, 0.0
54, 227, 0.0
54, 228, 0.0
55, 62, 0.1
55, 70, 0.0
55, 86, 0.0
55, 88, 0.0
55, 101, 0.0
55, 145, 0.0
55, 146, 0.0
55, 152, 0.0
55, 153, 0.0
55, 155, 0.0
55, 158, 0.0
55, 180, 0.0
55, 201, 0.0
55, 217, 0.0
55, 230, 0.0
55, 232, 0.0
55, 261, 0.0
56, 126, 0.0
56, 147, 0.0
56, 156, 0.0
56, 165, 0.0
56, 181, 0.0
56, 197, 0.0
56, 228, 0.0
57, 88, 0.0
57, 105, 0.0
57, 125, 0.0
57, 131, 0.0
57, 141, 0.0
57, 150, 0.0
57, 151, 0.0
57, 154, 0.0
57, 165, 0.0
57, 175, 0.0
57, 178, 0.0
57, 188, 0.0
58, 74, 0.0
58, 108, 0.0
58, 113, 0.0
58, 126, 0.0
58, 127, 0.0
58, 137, 0.0
58, 237, 0.0
58, 256, 0.0
59, 78, 0.0
59, 93, 0.0
59, 143, 0.0
59, 147, 0.0
59, 158, 0.0
59, 178, 0.0
59, 186, 0.0
59, 206, 0.0
59, 246, 0.0
60, 71, 0.0
60, 81, 0.0
60, 82, 0.0
60, 99, 0.0
60, 108, 0.0
60, 114, 0.0
60, 130, 0.0
60, 181, 0.0
60, 233, 0.0
60, 256, 0.0
60, 259, 0.0
61, 66, 0.0
61, 85, 0.0
61, 92, 0.0
61, 173, 0.0
61, 198, 0.0
61, 208, 0.0
61, 209, 0.0
61, 255, 0.0
61, 259, 0.0
62, 81, 0.0
62, 94, 0.0
62, 100, 0.0
62, 102, 0.0
62, 132, 0.0
62, 144, 0.0
62, 159, 0.0
62, 196, 0.0
62, 218, 0.0
62, 236, 0.0
62, 242, 0.0
62, 246, 0.0
63, 68, 0.0
63, 69, 0.0
63, 76, 0.0
63, 161, 0.0
63, 193, 0.0
63, 204, 0.0
63, 238, 0.0
63, 245, 0.0
63, 257, 0.0
63, 263, 0.0
63, 266, 0.0
64, 72, 0.0
64, 133, 0.0
64, 149, 0.0
64, 157, 0.0
64, 163, 0.0
64, 173, 0.0
64, 176, 0.0
64, 206, 0.0
64, 220, 0.0
64, 226, 0.0
64, 229, 0.0
64, 257, 0.0
65, 91, 0.0
65, 147, 0.0
65, 185, 0.0
65, 191, 0.0
65, 226, 0.0
65, 232, 0.0
65, 239, 0.0
65, 258, 0.0
66, 80, 0.9
66, 105, 0.0
66, 107, 0.0
66, 151, 0.0
66, 202, 0.0
66, 213, 0.0
66, 217, 0.0
68, 95, 0.0
68, 116, 0.0
68, 130, 0.0
68, 164, 0.0
68, 167, 0.0
68, 187, 0.0
68, 242, 0.0
68, 251, 0.0
68, 260, 0.0
69, 81, 0.0
69, 91, 0.0
69, 165, 0.0
69, 167, 0.0
69, 183, 0.0
69, 202, 0.0
69, 212, 0.0
69, 243, 0.0
69, 245, 0.0
69, 260, 0.0
70, 71, 0.0
70, 101, 0.0
70, 103, 0.0
70, 111, 0.0
70, 114, 0.0
70, 116, 0.0
70, 209, 0.0
70, 230, 0.0
70, 260, 0.0
71, 76, 0.0
71, 124, 0.0
71, 156, 0.0
71, 183, 0.0
71, 213, 0.0
71, 216, 0.0
71, 229, 0.0
71, 263, 0.0
72, 100, 0.0
72, 105, 0.0
72, 117, 0.0
72, 153, 0.0
72, 178, 0.0
72, 189, 0.0
72, 197, 0.0
72, 242, 0.0
72, 251, 0.0
72, 261, 0.0
73, 142, 0.0
73, 143, 0.0
73, 164, 0.0
73, 171, 0.0
73, 237, 0.0
73, 240, 0.0
73, 246, 0.0
73, 254, 0.0
73, 260, 0.0
74, 90, 0.0
74, 103, 0.0
74, 104, 0.0
74, 160, 0.0
74, 168, 0.0
74, 201, 0.0
74, 218, 0.0
74, 239, 0.0
74, 257, 0.0
74, 262, 0.0
75, 80, 0.0
75, 121, 0.0
75, 129, 0.0
75, 156, 0.0
75, 163, 0.0
75, 196, 0.0
75, 211, 0.0
75, 217, 0.0
76, 102, 0.0
76, 124, 0.0
76, 196, 0.0
76, 200, 0.0
76, 228, 0.0
77, 115, 0.0
77, 134, 0.0
77, 203, 0.0
77, 210, 0.0
77, 214, 0.0
77, 261, 0.0
78, 92, 0.0
78, 139, 0.0
78, 145, 0.0
78, 192, 0.0
78, 196, 0.0
78, 245, 0.0
78, 258, 0.0
79, 102, 0.0
79, 103, 0.0
79, 146, 0.0
79, 160, 0.0
79, 167, 0.0
79, 173, 0.0
79, 200, 0.0
79, 206, 0.0
80, 133, 0.0
80, 155, 0.0
80, 174, 0.0
80, 200, 0.0
80, 203, 0.0
80, 215, 0.0
81, 108, 0.0
81, 115, 0.0
81, 145, 0.0
81, 208, 0.0
81, 245, 0.0
81, 256, 0.0
82, 114, 0.0
82, 182, 0.0
83, 121, 0.0
83, 179, 0.0
83, 249, 0.0
83, 259, 0.0
83, 267, 0.0
84, 100, 0.0
84, 115, 0.0
84, 119, 0.0
84, 141, 0.0
84, 170, 0.0
84, 174, 0.0
84, 212, 0.0
84, 227, 0.0
84, 234, 0.0
84, 246, 0.0
84, 250, 0.0
84, 266, 0.0
85, 97, 0.0
85, 98, 0.0
85, 112, 0.0
85, 126, 0.0
85, 189, 0.0
85, 195, 0.0
85, 251, 0.0
85, 254, 0.0
86, 88, 0.0
86, 102, 0.0
86, 111, 0.0
86, 113, 0.0
86, 119, 0.0
86, 132, 0.0
86, 136, 0.0
86, 144, 0.0
86, 164, 0.0
86, 165, 0.0
86, 175, 0.0
86, 187, 0.0
86, 214, 0.0
86, 216, 0.0
86, 224, 0.0
86, 230, 0.0
87, 113, 0.0
87, 151, 0.0
87, 175, 0.0
87, 231, 0.0
88, 103, 0.0
88, 127, 0.0
88, 138, 0.0
88, 218, 0.0
88, 244, 0.0
89, 99, 0.0
89, 112, 0.0
89, 126, 0.0
89, 133, 0.0
89, 154, 0.0
89, 180, 0.0
89, 195, 0.0
89, 197, 0.0
89, 216, 0.0
89, 218, 0.0
89, 239, 0.0
89, 256, 0.0
89, 266, 0.0
90, 126, 0.0
90, 147, 0.0
90, 169, 0.0
90, 225, 0.0
90, 237, 0.0
91, 113, 0.0
91, 143, 0.0
91, 172, 0.0
91, 235, 0.0
91, 243, 0.0
91, 254, 0.0
91, 261, 0.0
91, 262, 0.0
92, 107, 0.8
92, 118, 0.0
92, 119, 0.0
92, 123, 0.0
92, 124, 0.0
92, 125, 0.0
92, 160, 0.0
92, 175, 0.0
92, 182, 0.0
92, 206, 0.0
92, 222, 0.0
92, 232, 0.0
92, 237, 0.0
92, 247, 0.0
93, 98, 0.0
93, 123, 0.0
93, 130, 0.0
93, 148, 0.0
93, 158, 0.0
93, 203, 0.0
93, 205, 0.0
93, 213, 0.0
93, 230, 0.0
93, 240, 0.0
94, 135, 0.0
94, 183, 0.0
94, 230, 0.0
94, 239, 0.0
94, 248, 0.0
94, 255, 0.0
95, 166, 0.0
95, 173, 0.0
95, 222, 0.0
95, 233, 0.0
95, 241, 0.0
95, 251, 0.0
95, 260, 0.0
96, 103, 0.95
96, 147, 0.0
96, 167, 0.0
96, 173, 0.0
96, 175, 0.0
96, 220, 0.0
96, 243, 0.0
96, 267, 0.0
97, 106, 0.0
97, 114, 0.0
97, 129, 0.0
97, 163, 0.0
97, 165, 0.0
97, 176, 0.0
97, 194, 0.0
97, 214, 0.0
97, 236, 0.0
97, 257, 0.0
98, 121, 0.0
98, 125, 0.0
98, 143, 0.0
98, 150, 0.0
98, 158, 0.0
98, 161, 0.0
98, 176, 0.0
98, 233, 0.0
98, 251, 0.0
98, 258, 0.0
99, 121, 0.0
99, 134, 0.0
99, 148, 0.0
99, 169, 0.0
99, 178, 0.0
99, 221, 0.0
99, 235, 0.0
99, 249, 0.0
100, 103, 0.2
100, 146, 0.0
100, 164, 0.0
100, 179, 0.0
100, 189, 0.0
100, 196, 0.0
100, 208, 0.0
100, 241, 0.0
100, 254, 0.0
101, 190, 0.0
101, 192, 0.0
101, 217, 0.0
101, 250, 0.0
101, 252, 0.0
101, 253, 0.0
101, 266, 0.0
102, 111, 0.0
102, 121, 0.0
102, 127, 0.0
102, 164, 0.0
102, 165, 0.0
102, 168, 0.0
102, 184, 0.0
102, 216, 0.0
102, 239, 0.0
102, 265, 0.0
103, 124, 0.0
103, 155, 0.0
103, 161, 0.0
103, 172, 0.0
103, 199, 0.0
103, 218, 0.0
103, 230, 0.0
103, 232, 0.0
103, 237, 0.0
104, 129, 0.0
104, 160, 0.0
104, 204, 0.0
104, 213, 0.0
104, 216, 0.0
105, 167, 0.0
105, 176, 0.0
105, 196, 0.0
105, 263, 0.0
105, 265, 0.0
105, 267, 0.0
106, 108, 0.1
106, 122, 0.0
106, 133, 0.0
106, 144, 0.0
106, 159, 0.0
106, 173, 0.0
106, 188, 0.0
106, 215, 0.0
106, 216, 0.0
106, 242, 0.0
106, 252, 0.0
106, 257, 0.0
107, 137, 0.0
107, 157, 0.0
107, 171, 0.0
107, 189, 0.0
108, 128, 0.0
108, 143, 0.0
108, 144, 0.0
108, 147, 0.0
108, 176, 0.0
108, 203, 0.0
108, 229, 0.0
108, 240, 0.0
108, 241, 0.0
109, 111, 0.0
109, 125, 0.0
109, 126, 0.0
109, 145, 0.0
109, 149, 0.0
109, 158, 0.0
109, 165, 0.0
109, 189, 0.0
109, 199, 0.0
109, 244, 0.0
109, 263, 0.0
110, 123, 0.0
110, 125, 0.0
110, 128, 0.0
110, 141, 0.0
110, 143, 0.0
110, 145, 0.0
110, 147, 0.0
110, 148, 0.0
110, 168, 0.0
110, 199, 0.0
110, 213, 0.0
110, 219, 0.0
110, 254, 0.0
111, 128, 0.0
111, 139, 0.0
111, 203, 0.0
111, 209, 0.0
111, 215, 0.0
111, 224, 0.0
111, 232, 0.0
111, 242, 0.0
112, 181, 0.0
112, 207, 0.0
112, 231, 0.0
112, 242, 0.0
112, 244, 0.0
112, 256, 0.0
113, 140, 0.0
113, 158, 0.0
113, 230, 0.0
113, 233, 0.0
114, 151, 0.0
114, 156, 0.0
114, 175, 0.0
114, 250, 0.0
115, 148, 0.0
115, 165, 0.0
115, 167, 0.0
115, 171, 0.0
115, 181, 0.0
115, 193, 0.0
115, 212, 0.0
115, 227, 0.0
115, 248, 0.0
115, 249, 0.0
115, 256, 0.0
116, 122, 0.3
116, 134, 0.1
116, 154, 0.0
116, 157, 0.0
116, 158, 0.0
116, 161, 0.0
116, 165, 0.0
116, 190, 0.0
116, 194, 0.0
116, 218, 0.0
116, 235, 0.0
116, 238, 0.0
117, 128, 0.0
117, 166, 0.0
117, 172, 0.0
117, 188, 0.0
117, 193, 0.0
117, 195, 0.0
117, 224, 0.0
117, 245, 0.0
117, 255, 0.0
118, 135, 0.0
118, 138, 0.1
118, 140, 0.0
118, 164, 0.0
118, 178, 0.0
118, 185, 0.0
118, 188, 0.0
118, 220, 0.0
118, 258, 0.0
119, 149, 0.0
119, 171, 0.0
119, 203, 0.0
119, 248, 0.0
119, 250, 0.0
119, 252, 0.0
120, 126, 0.1
120, 133, 0.2
120, 173, 0.0
120, 212, 0.0
120, 249, 0.0
121, 127, 0.0
121, 136, 0.0
121, 143, 0.0
121, 155, 0.0
121, 172, 0.0
121, 187, 0.0
121, 199, 0.0
122, 165, 0.0
122, 179, 0.0
122, 185, 0.0
122, 198, 0.0
122, 200, 0.0
122, 202, 0.0
122, 207, 0.0
122, 219, 0.0
122, 236, 0.0
122, 239, 0.0
123, 167, 0.0
123, 256, 0.0
124, 143, 0.1
124, 185, 0.0
124, 186, 0.0
124, 187, 0.0
124, 193, 0.0
124, 204, 0.0
124, 207, 0.0
124, 224, 0.0
124, 256, 0.0
124, 263, 0.0
125, 133, 0.2
125, 156, 0.0
125, 216, 0.0
125, 251, 0.0
126, 157, 0.0
126, 179, 0.0
126, 234, 0.0
127, 132, 0.0
127, 210, 0.0
127, 223, 0.0
127, 227, 0.0
127, 238, 0.0
127, 244, 0.0
127, 256, 0.0
128, 129, 0.4
128, 165, 0.0
128, 166, 0.0
128, 194, 0.0
128, 233, 0.0
128, 239, 0.0
128, 242, 0.0
128, 243, 0.0
129, 163, 0.0
129, 171, 0.0
129, 226, 0.0
129, 264, 0.0
130, 154, 0.0
130, 159, 0.0
130, 162, 0.0
130, 165, 0.0
130, 175, 0.0
130, 186, 0.0
130, 220, 0.0
130, 239, 0.0
130, 251, 0.0
131, 139, 0.1
131, 167, 0.0
131, 177, 0.0
131, 209, 0.0
131, 219, 0.0
131, 220, 0.0
131, 242, 0.0
131, 253, 0.0
132, 139, 0.1
132, 140, 0.0
132, 152, 0.0
132, 158, 0.0
132, 178, 0.0
132, 180, 0.0
132, 194, 0.0
132, 203, 0.0
132, 224, 0.0
132, 243, 0.0
132, 255, 0.0
132, 256, 0.0
132, 258, 0.0
132, 265, 0.0
133, 151, 0.0
133, 181, 0.0
133, 208, 0.0
133, 220, 0.0
133, 251, 0.0
134, 178, 0.0
134, 182, 0.0
134, 185, 0.0
134, 196, 0.0
134, 201, 0.0
134, 239, 0.0
134, 266, 0.0
135, 137, 0.1
135, 146, 0.1
135, 162, 0.0
135, 181, 0.0
135, 185, 0.0
135, 192, 0.0
135, 205, 0.0
135, 206, 0.0
135, 231, 0.0
135, 233, 0.0
135, 246, 0.0
135, 252, 0.0
136, 149, 0.3
136, 159, 0.0
136, 185, 0.0
136, 199, 0.0
136, 228, 0.0
136, 242, 0.0
136, 248, 0.0
136, 256, 0.0
136, 258, 0.0
137, 155, 0.0
137, 170, 0.0
137, 175, 0.0
137, 212, 0.0
138, 154, 0.0
138, 168, 0.0
138, 191, 0.0
138, 194, 0.0
138, 228, 0.0
139, 159, 0.0
139, 166, 0.0
139, 182, 0.0
139, 213, 0.0
139, 222, 0.0
139, 224, 0.0
139, 231, 0.0
139, 236, 0.0
139, 258, 0.0
139, 262, 0.0
140, 144, 0.1
140, 147, 0.2
140, 151, 0.0
140, 161, 0.0
140, 174, 0.0
140, 205, 0.0
140, 211, 0.0
140, 226, 0.0
141, 143, 0.0
141, 172, 0.0
141, 216, 0.0
141, 248, 0.0
141, 250, 0.0
141, 266, 0.0
142, 165, 0.0
142, 171, 0.0
142, 198, 0.0
142, 229, 0.0
143, 145, 0.0
143, 153, 0.0
143, 157, 0.0
143, 168, 0.0
143, 208, 0.0
143, 210, 0.0
143, 220, 0.0
143, 224, 0.0
143, 250, 0.0
144, 159, 0.0
144, 213, 0.0
144, 246, 0.0
144, 260, 0.0
144, 265, 0.0
145, 146, 0.0
145, 205, 0.0
145, 228, 0.0
146, 187, 0.0
146, 195, 0.0
146, 198, 0.0
146, 212, 0.0
146, 213, 0.0
146, 256, 0.0
147, 203, 0.0
147, 229, 0.0
147, 249, 0.0
148, 165, 0.0
148, 244, 0.0
148, 256, 0.0
149, 162, 0.0
149, 175, 0.0
149, 191, 0.0
149, 192, 0.0
149, 200, 0.0
149, 203, 0.0
149, 207, 0.0
149, 245, 0.0
150, 158, 0.3
151, 159, 0.6
151, 169, 0.1
151, 195, 0.0
151, 245, 0.0
152, 221, 0.0
153, 154, 0.1
153, 184, 0.0
153, 201, 0.0
153, 205, 0.0
153, 208, 0.0
153, 218, 0.0
153, 221, 0.0
154, 191, 0.0
154, 200, 0.0
154, 233, 0.0
154, 243, 0.0
154, 253, 0.0
155, 187, 0.0
155, 213, 0.0
155, 231, 0.0
155, 232, 0.0
156, 171, 0.0
156, 178, 0.0
156, 187, 0.0
156, 190, 0.0
156, 234, 0.0
156, 238, 0.0
156, 248, 0.0
156, 264, 0.0
157, 166, 0.1
157, 181, 0.0
157, 190, 0.0
157, 219, 0.0
157, 222, 0.0
157, 233, 0.0
157, 241, 0.0
157, 258, 0.0
157, 264, 0.0
158, 160, 0.1
158, 204, 0.0
158, 212, 0.0
158, 215, 0.0
158, 264, 0.0
159, 171, 0.0
159, 181, 0.0
159, 194, 0.0
159, 197, 0.0
159, 201, 0.0
159, 229, 0.0
159, 231, 0.0
159, 244, 0.0
159, 257, 0.0
160, 207, 0.0
160, 232, 0.0
160, 239, 0.0
161, 197, 0.0
161, 221, 0.0
161, 224, 0.0
161, 262, 0.0
162, 193, 0.0
162, 217, 0.0
162, 228, 0.0
163, 187, 0.0
163, 224, 0.0
163, 225, 0.0
163, 236, 0.0
163, 239, 0.0
163, 260, 0.0
164, 239, 0.0
164, 249, 0.0
165, 218, 0.0
165, 234, 0.0
166, 223, 0.0
166, 224, 0.0
166, 246, 0.0
167, 182, 0.0
168, 179, 0.0
168, 189, 0.0
168, 214, 0.0
168, 255, 0.0
169, 171, 0.0
169, 188, 0.0
169, 219, 0.0
169, 246, 0.0
169, 249, 0.0
170, 194, 0.1
170, 198, 0.0
170, 247, 0.0
170, 264, 0.0
170, 265, 0.0
171, 185, 0.0
171, 188, 0.2
171, 200, 0.0
171, 217, 0.0
171, 232, 0.0
171, 241, 0.0
171, 257, 0.0
172, 181, 0.1
172, 190, 0.0
172, 198, 0.0
172, 207, 0.0
172, 208, 0.0
172, 231, 0.0
172, 244, 0.0
173, 197, 0.0
173, 212, 0.0
173, 219, 0.0
173, 221, 0.0
173, 250, 0.0
173, 259, 0.0
174, 188, 0.1
174, 245, 0.0
174, 258, 0.0
174, 262, 0.0
175, 185, 0.1
175, 215, 0.0
175, 222, 0.0
175, 231, 0.0
175, 233, 0.0
175, 264, 0.0
175, 266, 0.0
176, 177, 0.1
176, 182, 0.1
176, 183, 0.1
176, 187, 0.0
176, 188, 0.95
176, 217, 0.0
176, 249, 0.0
176, 255, 0.0
176, 260, 0.0
177, 178, 0.0
177, 194, 0.8
177, 216, 0.0
177, 225, 0.0
177, 239, 0.0
177, 248, 0.0
178, 199, 0.0
178, 204, 0.0
178, 246, 0.0
178, 254, 0.0
179, 182, 0.1
179, 191, 0.9
179, 204, 0.0
179, 213, 0.0
179, 232, 0.0
179, 248, 0.0
179, 250, 0.0
179, 267, 0.0
180, 216, 0.0
180, 248, 0.0
180, 259, 0.0
181, 188, 0.1
181, 194, 0.0
181, 254, 0.0
181, 255, 0.0
181, 266, 0.0
182, 184, 0.0
182, 209, 0.0
182, 216, 0.0
182, 242, 0.0
182, 249, 0.0
182, 263, 0.0
183, 196, 0.0
183, 201, 0.0
183, 208, 0.0
183, 212, 0.0
183, 240, 0.0
183, 251, 0.0
184, 210, 0.0
184, 228, 0.0
184, 229, 0.0
184, 262, 0.0
185, 207, 0.0
185, 226, 0.0
185, 252, 0.0
185, 253, 0.0
186, 190, 0.0
186, 201, 0.0
186, 217, 0.0
186, 221, 0.0
186, 227, 0.0
186, 254, 0.0
186, 258, 0.0
186, 265, 0.0
187, 206, 0.0
187, 222, 0.0
188, 190, 0.1
188, 221, 0.0
188, 224, 0.0
188, 231, 0.0
188, 240, 0.0
189, 252, 0.0
189, 266, 0.0
190, 208, 0.0
190, 210, 0.0
190, 261, 0.0
190, 266, 0.0
191, 197, 0.0
191, 223, 0.0
191, 233, 0.0
191, 265, 0.0
192, 213, 0.0
192, 232, 0.0
192, 240, 0.0
192, 255, 0.0
194, 196, 0.0
194, 198, 0.0
194, 222, 0.0
194, 266, 0.0
195, 219, 0.0
195, 222, 0.0
195, 241, 0.0
195, 254, 0.0
195, 265, 0.0
196, 201, 0.0
196, 206, 0.9
196, 215, 0.0
196, 227, 0.0
196, 233, 0.0
196, 252, 0.0
196, 253, 0.0
197, 203, 0.0
197, 228, 0.0
197, 255, 0.0
197, 260, 0.0
198, 234, 0.0
198, 244, 0.0
199, 225, 0.0
199, 237, 0.0
199, 242, 0.0
199, 249, 0.0
199, 257, 0.0
200, 219, 0.0
200, 229, 0.0
200, 258, 0.0
201, 246, 0.0
201, 256, 0.0
202, 211, 0.0
202, 212, 0.0
202, 240, 0.0
202, 248, 0.0
202, 253, 0.0
202, 263, 0.0
202, 264, 0.0
203, 208, 0.1
203, 230, 0.0
203, 256, 0.0
203, 261, 0.0
203, 264, 0.0
204, 215, 0.0
204, 238, 0.0
204, 256, 0.0
205, 212, 0.0
205, 240, 0.0
205, 245, 0.0
206, 211, 0.0
206, 235, 0.0
206, 239, 0.0
207, 215, 0.0
207, 238, 0.0
207, 243, 0.0
208, 225, 0.0
208, 241, 0.0
208, 245, 0.0
208, 246, 0.0
208, 247, 0.0
208, 258, 0.0
209, 252, 0.0
209, 259, 0.0
210, 211, 0.0
211, 224, 0.1
211, 230, 0.1
211, 233, 0.1
211, 236, 0.3
211, 262, 0.0
211, 264, 0.0
212, 234, 0.1
212, 239, 0.1
213, 224, 0.0
213, 229, 0.1
213, 233, 0.3
213, 263, 0.0
214, 237, 0.2
214, 243, 0.0
214, 244, 0.0
214, 253, 0.0
215, 217, 0.95
215, 238, 0.1
215, 247, 0.0
215, 262, 0.0
216, 239, 0.1
216, 259, 0.0
216, 265, 0.0
217, 232, 0.0
218, 243, 0.0
218, 251, 0.0
218, 259, 0.0
218, 263, 0.0
218, 264, 0.0
218, 266, 0.0
220, 247, 0.0
221, 223, 0.5
221, 238, 0.4
221, 239, 0.1
221, 243, 0.0
221, 252, 0.0
221, 263, 0.0
222, 227, 0.3
222, 254, 0.0
223, 230, 0.95
223, 265, 0.0
224, 260, 0.0
225, 249, 0.0
225, 250, 0.0
225, 254, 0.0
226, 260, 0.0
226, 262, 0.0
226, 266, 0.0
227, 228, 0.4
227, 230, 0.2
227, 241, 0.0
227, 263, 0.0
228, 229, 0.1
230, 238, 0.9
231, 235, 0.3
231, 253, 0.0
235, 245, 0.0
236, 248, 0.0
236, 260, 0.0
236, 261, 0.0
237, 249, 0.0
238, 242, 0.0
238, 245, 0.0
238, 253, 0.0
239, 265, 0.0
240, 244, 0.1
241, 246, 0.4
241, 250, 0.0
242, 247, 0.2
242, 255, 0.0
242, 257, 0.1
243, 260, 0.2
244, 255, 0.2
245, 260, 0.0
246, 252, 0.2
248, 253, 0.1
248, 267, 0.3
249, 259, 0.1
251, 253, 0.1
251, 255, 0.0
251, 256, 0.0
251, 258, 0.0
253, 257, 0.9
253, 263, 0.1
255, 260, 0.2
258, 264, 0.1
260, 264, 0.3
261, 264, 0.1
261, 267, 0.1
263, 267, 0.1
217, 253, 0.0
171, 205, 0.0
187, 212, 0.0
82, 152, 0.0
96, 224, 0.0
16, 256, 0.0
132, 266, 0.0
87, 152, 0.0
91, 171, 0.0
204, 265, 0.0
18, 150, 0.0
5, 106, 0.0
61, 70, 0.0
95, 109, 0.1
128, 138, 0.1
15, 143, 0.0
36, 133, 0.0
172, 264, 0.0
19, 82, 0.0
133, 249, 0.0
144, 254, 0.0
139, 229, 0.0
65, 223, 0.0
12, 111, 0.0
64, 126, 0.0
84, 191, 0.0
11, 13, 0.0
184, 232, 0.0
5, 58, 0.0
189, 245, 0.0
110, 114, 0.0
207, 262, 0.0
88, 119, 0.0
87, 104, 0.0
11, 199, 0.0
60, 251, 0.0
128, 160, 0.0
23, 225, 0.0
128, 139, 0.0
45, 68, 0.0
77, 208, 0.0
70, 163, 0.0
112, 204, 0.0
49, 89, 0.0
72, 211, 0.0
143, 237, 0.0
27, 257, 0.0
119, 216, 0.0
68, 180, 0.0
44, 125, 0.0
158, 187, 0.0
1, 181, 0.0
78, 104, 0.0
52, 187, 0.0
198, 249, 0.0
84, 98, 0.0
9, 196, 0.0
77, 169, 0.0
127, 143, 0.0
91, 256, 0.0
64, 117, 0.0
27, 258, 0.0
35, 202, 0.0
101, 168, 0.0
10, 146, 0.0
95, 211, 0.0
78, 124, 0.0
81, 103, 0.0
26, 234, 0.0
53, 193, 0.0
20, 43, 0.0
136, 255, 0.0
61, 71, 0.0
155, 200, 0.0
231, 264, 0.0
57, 162, 0.0
6, 173, 0.0
81, 189, 0.0
26, 144, 0.0
79, 247, 0.0
191, 208, 0.0
171, 250, 0.0
47, 111, 0.0
88, 180, 0.0
114, 220, 0.0
97, 170, 0.0
75, 79, 0.0
122, 250, 0.0
70, 86, 0.0
210, 255, 0.0
171, 222, 0.0
168, 202, 0.0
227, 240, 0.0
111, 183, 0.0
89, 193, 0.0
124, 171, 0.0
146, 155, 0.0
206, 245, 0.0
6, 193, 0.0
77, 136, 0.0
22, 214, 0.0
11, 105, 0.0
118, 251, 0.0
58, 198, 0.0
35, 189, 0.0
158, 186, 0.0
148, 254, 0.0
97, 202, 0.0
90, 171, 0.0
4, 89, 0.0
145, 161, 0.0
59, 175, 0.0
152, 162, 0.95
95, 106, 0.2
154, 219, 0.0
140, 204, 0.0
171, 248, 0.0
20, 96, 0.0
119, 180, 0.0
129, 225, 0.0
143, 214, 0.0
163, 170, 0.0
213, 262, 0.0
24, 216, 0.0
168, 252, 0.0
15, 200, 0.0
12, 122, 0.0
78, 234, 0.0
101, 227, 0.0
121, 192, 0.0
47, 77, 0.0
65, 146, 0.0
154, 185, 0.0
227, 248, 0.0
26, 53, 0.0
224, 254, 0.0
24, 69, 0.0
59, 97, 0.0
204, 211, 0.0
204, 266, 0.0
23, 114, 0.0
210, 228, 0.0
18, 231, 0.0
13, 114, 0.0
102, 183, 0.0
76, 83, 0.95
49, 109, 0.0
64, 114, 0.0
3, 173, 0.0
121, 131, 0.0
60, 163, 0.0
205, 246, 0.0
174, 197, 0.0
31, 164, 0.0
39, 168, 0.0
85, 190, 0.0
24, 172, 0.0
103, 171, 0.0
16, 18, 0.0
35, 130, 0.0
28, 175, 0.0
175, 196, 0.0
64, 212, 0.0
159, 172, 0.0
60, 148, 0.0
126, 209, 0.0
2, 220, 0.0
108, 210, 0.0
170, 210, 0.0
38, 142, 0.0
117, 157, 0.0
95, 187, 0.0
12, 175, 0.0
80, 189, 0.0
128, 257, 0.0
20, 248, 0.0
167, 234, 0.0
141, 187, 0.0
17, 155, 0.0
129, 161, 0.0
53, 179, 0.0
137, 252, 0.0
130, 211, 0.0
91, 123, 0.0
94, 120, 0.0
136, 201, 0.0
147, 240, 0.0
50, 84, 0.0
162, 255, 0.0
90, 249, 0.0
33, 222, 0.0
43, 253, 0.0
89, 199, 0.0
75, 105, 0.0
111, 213, 0.0
227, 265, 0.0
44, 240, 0.0
116, 138, 0.1
71, 208, 0.0
142, 147, 0.0
